{"properties":{"connectionReferences":{"shared_approvals":{"runtimeSource":"embedded","connection":{"connectionReferenceLogicalName":"crec2_sharedapprovals_02ccc"},"api":{"name":"shared_approvals"}},"shared_commondataserviceforapps":{"runtimeSource":"embedded","connection":{"connectionReferenceLogicalName":"crec2_sharedcommondataserviceforapps_fad1e"},"api":{"name":"shared_commondataserviceforapps"}},"shared_office365":{"runtimeSource":"embedded","connection":{"connectionReferenceLogicalName":"crec2_sharedoffice365_e311e"},"api":{"name":"shared_office365"}},"shared_teams":{"runtimeSource":"embedded","connection":{"connectionReferenceLogicalName":"crec2_sharedteams_fe714"},"api":{"name":"shared_teams"}},"shared_commondataservice":{"runtimeSource":"embedded","connection":{"connectionReferenceLogicalName":"crec2_sharedcommondataservice_ff74a"},"api":{"name":"shared_commondataservice"}}},"definition":{"$schema":"https://schema.management.azure.com/providers/Microsoft.Logic/schemas/2016-06-01/workflowdefinition.json#","contentVersion":"1.0.0.0","parameters":{"$connections":{"defaultValue":{},"type":"Object"},"$authentication":{"defaultValue":{},"type":"SecureObject"}},"triggers":{"When_a_record_is_created":{"type":"OpenApiConnectionWebhook","inputs":{"host":{"connectionName":"shared_commondataservice","operationId":"SubscribeOnNewItems","apiId":"/providers/Microsoft.PowerApps/apis/shared_commondataservice"},"parameters":{"dataset":"default.cds","table":"crec2_deviceorders","scope":"Organization"},"authentication":"@parameters('$authentication')"}}},"actions":{"Start_and_wait_for_an_approval":{"runAfter":{},"type":"OpenApiConnectionWebhook","inputs":{"host":{"connectionName":"shared_approvals","operationId":"StartAndWaitForAnApproval","apiId":"/providers/Microsoft.PowerApps/apis/shared_approvals"},"parameters":{"approvalType":"Basic","WebhookApprovalCreationInput/title":"New device request for @{triggerOutputs()?['body/crec2_devicename']}","WebhookApprovalCreationInput/assignedTo":"@{triggerOutputs()?['body/crec2_approve']};","WebhookApprovalCreationInput/details":"A new device has been requested\n@{triggerOutputs()?['body/crec2_devicename']}$@{triggerOutputs()?['body/crec2_price']}\nDepartment Contribution: $@{triggerOutputs()?['body/crec2_departmentcontribution']} \nComments: @{triggerOutputs()?['body/crec2_comments']}","WebhookApprovalCreationInput/requestor":"@{triggerOutputs()?['body/crec2_requestedby']};","WebhookApprovalCreationInput/enableNotifications":true,"WebhookApprovalCreationInput/enableReassignment":true},"authentication":"@parameters('$authentication')"}},"Condition":{"actions":{"Update_a_row":{"runAfter":{},"type":"OpenApiConnection","inputs":{"host":{"connectionName":"shared_commondataserviceforapps","operationId":"UpdateRecord","apiId":"/providers/Microsoft.PowerApps/apis/shared_commondataserviceforapps"},"parameters":{"entityName":"crec2_deviceorders","recordId":"@triggerOutputs()?['body/crec2_deviceorderid']","item/crec2_approvalstatus":769990000,"item/crec2_approvedate":"@utcNow()","item/crec2_comments":"@triggerOutputs()?['body/crec2_comments']"},"authentication":"@parameters('$authentication')"}},"Send_an_email_(V2)":{"runAfter":{"Update_a_row":["Succeeded"]},"type":"OpenApiConnection","inputs":{"host":{"connectionName":"shared_office365","operationId":"SendEmailV2","apiId":"/providers/Microsoft.PowerApps/apis/shared_office365"},"parameters":{"emailMessage/To":"@triggerOutputs()?['body/crec2_requestedby']","emailMessage/Subject":"Your device order has been approved!","emailMessage/Body":"<p>Your device has been approved <strong></strong><strong>@{triggerOutputs()?['body/crec2_devicename']}</strong><strong><br>\n</strong>Estimated ship date: <strong>@{triggerOutputs()?['body/crec2_estimatedshipdate']}</strong><br>\n@{outputs('Start_and_wait_for_an_approval')?['body/responseSummary']}<strong></strong></p>"},"authentication":"@parameters('$authentication')"}},"Post_a_message_as_the_Flow_bot_to_a_user":{"runAfter":{"Send_an_email_(V2)":["Succeeded"]},"type":"OpenApiConnection","inputs":{"host":{"connectionName":"shared_teams","operationId":"PostUserNotification","apiId":"/providers/Microsoft.PowerApps/apis/shared_teams"},"parameters":{"PostNotificationRequest/recipient/to":"@{triggerOutputs()?['body/crec2_requestedby']};","PostNotificationRequest/messageBody":"Your device has been approved :@{triggerOutputs()?['body/crec2_devicename']}\nEstimated Ship Date: @{triggerOutputs()?['body/crec2_estimatedshipdate']}","PostNotificationRequest/messageTitle":"Your device order has been approved!"},"authentication":"@parameters('$authentication')"}}},"runAfter":{"Start_and_wait_for_an_approval":["Succeeded"]},"else":{"actions":{"Update_a_row_2":{"runAfter":{},"type":"OpenApiConnection","inputs":{"host":{"connectionName":"shared_commondataserviceforapps","operationId":"UpdateRecord","apiId":"/providers/Microsoft.PowerApps/apis/shared_commondataserviceforapps"},"parameters":{"entityName":"crec2_deviceorders","recordId":"@triggerOutputs()?['body/crec2_deviceorderid']","item/crec2_approvalstatus":769990001,"item/crec2_comments":"@triggerOutputs()?['body/crec2_comments']"},"authentication":"@parameters('$authentication')"}},"Send_an_email_(V2)_2":{"runAfter":{"Update_a_row_2":["Succeeded"]},"type":"OpenApiConnection","inputs":{"host":{"connectionName":"shared_office365","operationId":"SendEmailV2","apiId":"/providers/Microsoft.PowerApps/apis/shared_office365"},"parameters":{"emailMessage/To":"@triggerOutputs()?['body/crec2_requestedby']","emailMessage/Subject":"Your device order has been approved!","emailMessage/Body":"<p>Sorry your request for <strong>@{triggerOutputs()?['body/crec2_devicename']}</strong> was NOT APPROVED<br>\n@{outputs('Start_and_wait_for_an_approval')?['body/responseSummary']}</p>"},"authentication":"@parameters('$authentication')"}},"Post_a_message_as_the_Flow_bot_to_a_user_2":{"runAfter":{"Send_an_email_(V2)_2":["Succeeded"]},"type":"OpenApiConnection","inputs":{"host":{"connectionName":"shared_teams","operationId":"PostUserNotification","apiId":"/providers/Microsoft.PowerApps/apis/shared_teams"},"parameters":{"PostNotificationRequest/recipient/to":"@{triggerOutputs()?['body/crec2_requestedby']};","PostNotificationRequest/messageBody":"Your device request for @{triggerOutputs()?['body/crec2_devicename']}\nEstimated Ship Date: @{triggerOutputs()?['body/crec2_estimatedshipdate']}was not approved","PostNotificationRequest/messageTitle":"Your device order was not approved"},"authentication":"@parameters('$authentication')"}}}},"expression":{"equals":["@outputs('Start_and_wait_for_an_approval')?['body/outcome']","Approve"]},"type":"If"}},"outputs":{}}},"schemaVersion":"1.0.0.0"}